country,year,month,fraud_cases,economy_index_2015,unemployment_rate,inflation_index,total_pop_thousands,conexiones_moviles,numero_transacciones_digitales_millions,monto_transacciones_millions,FRISK,ln_FRISK,std_ln_FRISK
Colombia,2013,12,0.0,95.5,9.2,65.1,44318.0,52.0,,,0.0,0.0,-1.2969680001472967
Colombia,2014,1,6.0,95.73,9.4,65.3,44465.0,53.0,116.622304,880.9349501,0.013493759136399415,0.0134035291567698,-1.0445754525306084
Colombia,2014,2,0.0,97.12,9.6,65.6,44612.0,53.0,116.622304,880.9349501,0.0,0.0,-1.2969680001472967
Colombia,2014,3,11.0,96.02,9.7,66.0,44759.0,53.0,116.622304,880.9349501,0.024576062914721062,0.024278929879107018,-0.8397883354543053
Colombia,2014,4,9.0,96.38,9.3,66.4,44793.0,53.0,116.622304,880.9349501,0.020092425155716295,0.01989323608884004,-0.9223722889672571
Colombia,2014,5,35.0,96.2,9.0,66.7,44827.0,53.0,116.622304,880.9349501,0.07807794409619202,0.07517977422936481,0.1186901093747841
Colombia,2014,6,7.0,95.79,9.8,66.8,44862.0,53.0,116.622304,880.9349501,0.015603406000624136,0.015482924525929379,-1.0054198026576455
Colombia,2014,7,6.0,97.02,9.3,66.9,44896.0,53.0,134.964506,994.1557532,0.013364219529579472,0.0132757060844482,-1.046982400021087
Colombia,2014,8,4.0,96.48,9.4,67.1,44930.0,53.0,134.964506,994.1557532,0.00890273759180948,0.008863341870689203,-1.130068565753853
Colombia,2014,9,6.0,98.23,9.1,67.5,44965.0,53.0,134.964506,994.1557532,0.013343711775825643,0.013255468581611439,-1.0473634783802734
Colombia,2014,10,4.0,98.69,9.2,68.2,45000.0,53.0,134.964506,994.1557532,0.008888888888888889,0.0088496152769826,-1.1303270417056106
Colombia,2014,11,1.0,97.61,9.4,68.3,45036.0,53.0,134.964506,994.1557532,0.0022204458655297986,0.0022179843187563036,-1.2552026780267396
Colombia,2014,12,5.0,98.91,9.6,68.2,45071.0,53.0,134.964506,994.1557532,0.011093607863149254,0.01103252513217179,-1.0892221824461743
Colombia,2015,1,51.0,98.81,9.0,68.2,45107.0,56.0,148.310275,1092.614474,0.11306449109894251,0.10711701409987238,0.7200780901433713
Colombia,2015,2,2.0,99.34,8.8,68.5,45143.0,56.0,148.310275,1092.614474,0.004430365726690738,0.004420580547092277,-1.2137271183485003
Colombia,2015,3,13.0,98.85,8.9,68.8,45178.0,56.0,148.310275,1092.614474,0.028775067510735313,0.02836883967289042,-0.7627740849310343
Colombia,2015,4,2.0,99.85,9.8,69.1,45214.0,56.0,148.310275,1092.614474,0.004423408678727828,0.004413654161457348,-1.2138575443054054
Colombia,2015,5,3.0,99.71,9.2,69.3,45251.0,56.0,148.310275,1092.614474,0.006629687741707365,0.006607808012540991,-1.1725409571692285
Colombia,2015,6,5.0,99.53,8.9,69.7,45289.0,56.0,148.310275,1092.614474,0.011040208439135332,0.010979710206081485,-1.0902167036347514
Colombia,2015,7,8.0,101.31,8.9,70.0,45326.0,56.0,165.577997,1159.527362,0.017649913956669462,0.017495963065742196,-0.9675136721474344
Colombia,2015,8,8.0,99.92,9.5,70.5,45364.0,56.0,165.577997,1159.527362,0.017635129177321223,0.01748143460507425,-0.9677872474989737
Colombia,2015,9,3.0,101.02,9.5,70.7,45402.0,56.0,165.577997,1159.527362,0.006607638430025109,0.006585903678266533,-1.1729534224734566
Colombia,2015,10,6.0,101.05,9.5,70.9,45443.0,56.0,165.577997,1159.527362,0.013203353651827563,0.01311694910025602,-1.0499718425196671
Colombia,2015,11,15.0,99.95,9.0,71.0,45484.0,56.0,165.577997,1159.527362,0.032978629847858584,0.03244650245774185,-0.6859904493263321
Colombia,2015,12,12.0,100.66,9.4,71.2,45524.0,56.0,165.577997,1159.527362,0.026359722344257975,0.02601829187380634,-0.807035617872602
Colombia,2016,1,5.0,100.88,10.0,71.5,45566.0,58.0,166.679939,1193.235871,0.01097309397357679,0.010913326403855289,-1.091466730905061
Colombia,2016,2,4.0,102.53,9.0,71.7,45608.0,58.0,166.679939,1193.235871,0.00877039115944571,0.008732154682172278,-1.1325388605797297
Colombia,2016,3,14.0,101.7,10.2,71.8,45650.0,58.0,166.679939,1193.235871,0.03066812705366922,0.030207258990411223,-0.7281560877073364
Colombia,2016,4,16.0,101.45,9.5,72.0,45693.0,58.0,166.679939,1193.235871,0.03501630446676734,0.03441717970124121,-0.6488819949633393
Colombia,2016,5,4.0,101.81,9.2,72.2,45735.0,58.0,166.679939,1193.235871,0.008746036952006122,0.00870801192219128,-1.1329934761236535
Colombia,2016,6,2.0,101.85,9.6,72.6,45779.0,58.0,166.679939,1193.235871,0.004368815395705454,0.004359299826169278,-1.21488105303933
Colombia,2016,7,22.0,99.68,9.9,72.8,45821.0,58.0,186.763576,1121.298218,0.04801291984024792,0.04689591391469973,-0.4139036185724044
Colombia,2016,8,15.0,103.22,9.4,72.8,45864.0,58.0,186.763576,1121.298218,0.03270538984824699,0.032181950862628775,-0.6909720366594655
Colombia,2016,9,18.0,103.64,9.3,72.9,45907.0,58.0,186.763576,1121.298218,0.03920970658069575,0.03846052676625063,-0.5727445348436849
Colombia,2016,10,21.0,102.51,9.6,72.9,45952.0,58.0,186.763576,1121.298218,0.04569986072423398,0.044686384433369745,-0.4555097335220174
Colombia,2016,11,7.0,103.15,9.2,73.1,45997.0,58.0,186.763576,1121.298218,0.015218383807639629,0.015103745811647546,-1.0125598536531906
Colombia,2016,12,16.0,103.85,9.7,73.2,46042.0,58.0,186.763576,1121.298218,0.034750879631640676,0.03416070173732258,-0.6537115533552997
Colombia,2017,1,7.0,102.44,9.7,73.5,46089.0,62.0,190.511959,1245.808685,0.015188005814836512,0.015073822745053032,-1.01312331413602
Colombia,2017,2,13.0,103.36,9.5,73.7,46136.0,62.0,190.511959,1245.808685,0.02817756199063638,0.027787877789437258,-0.7737137746290176
Colombia,2017,3,5.0,102.57,9.6,73.8,46183.0,62.0,190.511959,1245.808685,0.010826494597579195,0.010768307701622563,-1.0941974773585126
Colombia,2017,4,8.0,102.62,9.3,73.9,46232.0,62.0,190.511959,1245.808685,0.017304031839418584,0.017156022084477023,-0.9739148646466128
Colombia,2017,5,17.0,103.22,9.7,74.0,46281.0,62.0,190.511959,1245.808685,0.036732136297832806,0.03607358951395182,-0.617691292303051
Colombia,2017,6,4.0,104.51,9.4,73.8,46333.0,62.0,190.511959,1245.808685,0.008633155634213196,0.008596103047225682,-1.1351007544175362
Colombia,2017,7,7.0,103.08,9.6,74.0,46385.0,62.0,207.060449,1309.980416,0.0150910854802199,0.014978347856791821,-1.0149211354411272
Colombia,2017,8,16.0,104.15,9.7,74.2,46438.0,62.0,207.060449,1309.980416,0.034454541539256645,0.033874274791618725,-0.6591050602210456
Colombia,2017,9,7.0,104.21,9.9,74.0,46494.0,62.0,207.060449,1309.980416,0.015055706112616682,0.014943493857314116,-1.0155774468961118
Colombia,2017,10,12.0,103.61,9.6,74.3,46553.0,62.0,207.060449,1309.980416,0.025777071295083023,0.025450443700490395,-0.817728372403621
Colombia,2017,11,23.0,104.05,10.3,74.5,46614.0,62.0,207.060449,1309.980416,0.04934139957952546,0.04816272887738034,-0.39004910592500897
Colombia,2017,12,6.0,105.42,9.6,74.8,46677.0,62.0,207.060449,1309.980416,0.012854296548621377,0.012772381307108473,-1.056460159299673
Colombia,2018,1,21.0,104.09,9.8,75.0,46742.0,64.0,183.459543,1340.925693,0.04492747422018741,0.04394748034819062,-0.46942352311589797
Colombia,2018,2,17.0,105.01,9.8,75.1,46810.0,64.0,183.459543,1340.925693,0.03631702627643666,0.03567310694514604,-0.6252325013857286
Colombia,2018,3,32.0,105.8,9.5,75.2,46878.0,64.0,183.459543,1340.925693,0.06826229787960238,0.06603330764947703,-0.053540649762469424
Colombia,2018,4,15.0,105.05,9.9,75.3,46950.0,64.0,183.459543,1340.925693,0.03194888178913738,0.031449132682503295,-0.7047712268024792
Colombia,2018,5,99.0,105.6,9.8,75.5,47023.0,64.0,183.459543,1340.925693,0.2105352699742679,0.19106263367061688,2.300799744635416
Colombia,2018,6,41.0,106.26,9.8,75.7,47103.0,64.0,183.459543,1340.925693,0.08704328811328366,0.08346143081742112,0.2746362322427556
Colombia,2018,7,20.0,106.01,9.7,76.0,47182.0,64.0,195.701298,1420.591534,0.04238904667034039,0.04151523897430836,-0.5152233710210895
Colombia,2018,8,34.0,107.51,9.6,76.1,47266.0,64.0,195.701298,1420.591534,0.07193331358693353,0.06946385323876962,0.011057571412692757
Colombia,2018,9,12.0,107.12,10.0,76.1,47353.0,64.0,195.701298,1420.591534,0.02534158342660444,0.02502580919773267,-0.8257243697788968
Colombia,2018,10,10.0,107.25,10.2,76.3,47444.0,64.0,195.701298,1420.591534,0.021077480819492456,0.020858423491774736,-0.904197515390465
Colombia,2018,11,12.0,107.57,10.5,76.4,47537.0,64.0,195.701298,1420.591534,0.025243494541094307,0.024930140028343956,-0.8275258494569707
Colombia,2018,12,12.0,107.24,10.8,76.4,47631.0,64.0,195.701298,1420.591534,0.025193676387226804,0.024881547313986816,-0.8284408651090995
Colombia,2019,1,16.0,107.9,10.7,76.3,47726.0,65.0,250.544468,1687.154491,0.03352470351590328,0.03297500262702662,-0.6760386297285613
Colombia,2019,2,24.0,108.86,10.8,76.4,47823.0,65.0,250.544468,1687.154491,0.0501850573991594,0.0489663937821381,-0.3749158503197502
Colombia,2019,3,18.0,107.53,10.9,76.6,47917.0,65.0,250.544468,1687.154491,0.03756495606987082,0.036876579423017385,-0.602570747072828
Colombia,2019,4,8.0,108.97,10.8,76.8,48011.0,65.0,250.544468,1687.154491,0.01666284809731103,0.01652554597429886,-0.9857869223560524
Colombia,2019,5,23.0,110.03,10.8,77.3,48103.0,65.0,250.544468,1687.154491,0.047814065650791014,0.046706151886221035,-0.41747689552420314
Colombia,2019,6,28.0,108.87,10.2,77.5,48198.0,65.0,250.544468,1687.154491,0.058093696833893524,0.056468889849365565,-0.2336415580237302
Colombia,2019,7,50.0,110.47,11.0,77.7,48288.0,65.0,251.695379,1695.875248,0.1035453943008615,0.09852808252543993,0.5583458854365592
Colombia,2019,8,27.0,110.42,11.3,77.9,48377.0,65.0,251.695379,1695.875248,0.05581164603013829,0.0543098038732889,-0.2742978063633862
Colombia,2019,9,9.0,109.5,11.2,77.8,48463.0,65.0,251.695379,1695.875248,0.01857086849761674,0.018400535508652685,-0.9504802967804165
Colombia,2019,10,54.0,110.56,11.0,78.2,48549.0,65.0,251.695379,1695.875248,0.11122783167521473,0.10546555864831139,0.6889806796166502
Colombia,2019,11,36.0,110.09,11.0,78.5,48633.0,65.0,251.695379,1695.875248,0.07402381099253594,0.07141216622502532,0.04774489998148143
Colombia,2019,12,43.0,110.4,10.8,78.7,48714.0,65.0,251.695379,1695.875248,0.08827031243585007,0.08458956650543584,0.2958793717939183
Colombia,2020,1,26.0,111.62,11.1,78.9,48794.0,70.0,324.376016,1648.933508,0.05328523998852318,0.05191407964959803,-0.3194100251777088
Colombia,2020,2,18.0,111.74,11.6,79.4,48873.0,70.0,324.376016,1648.933508,0.03683015161745749,0.03616812761417562,-0.6159111110027943
Colombia,2020,3,20.0,100.73,12.8,79.5,48950.0,70.0,324.376016,1648.933508,0.04085801838610827,0.04004539069221441,-0.5429010630817906
Colombia,2020,4,39.0,86.88,20.6,79.5,49026.0,70.0,324.376016,1648.933508,0.07954962672867458,0.07654394187405952,0.14437780275715387
Colombia,2020,5,22.0,90.92,21.8,79.4,49101.0,70.0,324.376016,1648.933508,0.044805604773833524,0.04383084397226562,-0.4716198216966802
Colombia,2020,6,26.0,95.55,20.8,79.6,49177.0,70.0,324.376016,1648.933508,0.05287024421985888,0.05152000069659921,-0.32683065221900204
Colombia,2020,7,38.0,98.86,20.7,79.6,49247.0,70.0,343.521648,1844.855428,0.07716206063313501,0.07432986097962932,0.10268598330880883
Colombia,2020,8,18.0,99.25,17.6,79.8,49313.0,70.0,343.521648,1844.855428,0.036501531036440694,0.03585113001411204,-0.6218802726267695
Colombia,2020,9,31.0,102.77,16.8,80.2,49372.0,70.0,343.521648,1844.855428,0.06278862513165356,0.06089623210975217,-0.15027335109849552
Colombia,2020,10,14.0,105.35,16.2,80.5,49431.0,70.0,343.521648,1844.855428,0.028322307863486475,0.027928646943095763,-0.7710630484730804
Colombia,2020,11,17.0,106.1,15.3,80.6,49488.0,70.0,343.521648,1844.855428,0.03435176204332364,0.03377491363263564,-0.6609760611907582
Colombia,2020,12,19.0,108.01,14.8,81.0,49545.0,70.0,343.521648,1844.855428,0.03834897567867595,0.03763192831691084,-0.5883472967084196
Colombia,2021,1,18.0,107.69,15.1,81.4,49602.0,73.0,335.483638,1925.676049,0.0362888593201887,0.035645926711368306,-0.6257443134889249
Colombia,2021,2,14.0,109.85,14.4,81.6,49658.0,73.0,335.483638,1925.676049,0.028192839018889203,0.027802736035058437,-0.7734339893260885
Colombia,2021,3,16.0,111.85,14.3,81.8,49712.0,73.0,335.483638,1925.676049,0.0321853878339234,0.031678290300107444,-0.700456118875574
Colombia,2021,4,14.0,108.72,15.5,82.1,49766.0,73.0,335.483638,1925.676049,0.028131656150785677,0.027743229018276395,-0.774554524626234
Colombia,2021,5,17.0,102.81,15.1,82.3,49818.0,73.0,335.483638,1925.676049,0.03412421213216107,0.033554896658862264,-0.6651190480026703
Colombia,2021,6,7.0,110.55,15.0,82.7,49872.0,73.0,335.483638,1925.676049,0.014035931985883862,0.013938340424669949,-1.0345047930184268
Colombia,2021,7,39.0,111.92,13.0,83.3,49922.0,73.0,367.998723,2207.552924,0.07812187011738311,0.0752205181538449,0.11945732991641561
Colombia,2021,8,22.0,110.93,13.0,83.6,49971.0,73.0,367.998723,2207.552924,0.04402553481018991,0.04308394779178964,-0.4856841048858801
Colombia,2021,9,23.0,116.74,12.5,84.4,50019.0,73.0,367.998723,2207.552924,0.04598252663987685,0.04495666057000602,-0.4504203513236603
Colombia,2021,10,39.0,115.88,12.9,85.3,50068.0,73.0,367.998723,2207.552924,0.07789406407286091,0.07500919685351738,0.11547808529124957
Colombia,2021,11,14.0,117.29,12.9,86.0,50116.0,73.0,367.998723,2207.552924,0.027935190358368583,0.027552120647117685,-0.7781531536218862
Colombia,2021,12,48.0,119.0,11.8,86.8,50162.0,73.0,367.998723,2207.552924,0.0956899645149715,0.0913842694158072,0.42382570277802206
Colombia,2022,1,20.0,116.17,12.3,87.7,50208.0,73.0,404.892456,2473.061401,0.039834289356277884,0.03906136330034281,-0.5614305994042179
Colombia,2022,2,53.0,117.47,11.8,88.0,50254.0,73.0,404.892456,2473.061401,0.10546424165240578,0.10026537493280052,0.5910596320565978
Colombia,2022,3,76.0,119.5,11.7,89.5,50298.0,73.0,404.892456,2473.061401,0.151099447294127,0.14071752678423965,1.352786005979925
Colombia,2022,4,57.0,119.37,11.1,90.7,50341.0,73.0,404.892456,2473.061401,0.11322778649609662,0.10726371127803756,0.7228404428112571
Colombia,2022,5,43.0,119.78,10.6,91.8,50385.0,73.0,404.892456,2473.061401,0.08534285997816811,0.08189593705482329,0.24515750657291685
Colombia,2022,6,90.0,119.23,11.6,93.0,50429.0,73.0,404.892456,2473.061401,0.17846873822602075,0.16421591629296847,1.7952678571125285
Colombia,2022,7,53.0,118.64,11.0,94.2,50472.0,73.0,429.597851,2630.399542,0.10500871770486607,0.09985322426426614,0.5832987090924565
Colombia,2022,8,28.0,120.53,10.9,95.4,50516.0,73.0,429.597851,2630.399542,0.05542798321323937,0.0539463559578481,-0.2811416416123846
Colombia,2022,9,30.0,121.75,11.4,96.0,50559.0,73.0,429.597851,2630.399542,0.05933661662611998,0.05764287883694182,-0.21153498683768918
Colombia,2022,10,16.0,120.39,10.5,96.3,50605.0,73.0,429.597851,2630.399542,0.03161742910779567,0.031127890101209223,-0.7108203227194915
Colombia,2022,11,53.0,117.39,10.8,97.4,50650.0,73.0,429.597851,2630.399542,0.10463968410661402,0.09951920406324179,0.5770090066934883
Colombia,2022,12,37.0,119.21,10.9,98.0,50694.0,73.0,429.597851,2630.399542,0.07298694125537539,0.07044629326264369,0.029557217110925724
Colombia,2023,1,32.0,120.48,11.4,98.5,50740.0,77.0,,,0.06306661411115491,0.061157763540448065,-0.14534863438373122
Colombia,2023,2,38.0,120.39,10.3,98.9,50785.0,77.0,,,0.07482524367431329,0.0721580843407684,0.06179076591304826
Colombia,2023,3,24.0,120.88,9.5,99.4,50829.0,77.0,,,0.047217139821755294,0.046136302765473196,-0.42820732850647736
Colombia,2023,4,34.0,118.35,10.7,99.6,50873.0,77.0,,,0.06683309417569241,0.06469453475652531,-0.07875015221366406
Colombia,2023,5,47.0,119.96,10.5,100.0,50917.0,77.0,,,0.0923070880059705,0.08829205391155454,0.3655983404341304
Colombia,2023,6,60.0,122.53,9.7,99.9,50963.0,77.0,,,0.11773247257814493,0.11130205502322556,0.7988836888906018
Colombia,2023,7,17.0,119.03,9.7,99.9,51006.0,77.0,,,0.03332941222601263,0.03278602819580347,-0.6795970759834967
Colombia,2023,8,58.0,121.0,9.6,100.1,51050.0,77.0,,,0.11361410381978453,0.1076106755858704,0.7293738866947108
Colombia,2023,9,21.0,120.89,9.9,100.5,51093.0,77.0,,,0.04110152075626798,0.040279307218152566,-0.5384963434575298
Colombia,2023,10,68.0,119.25,10.0,100.6,51138.0,77.0,,,0.13297352262505377,0.12484561250983263,1.053913012724417
Colombia,2023,11,55.0,121.73,10.3,101.5,51183.0,77.0,,,0.1074575542660649,0.10206689648357581,0.6249828330634676
Colombia,2023,12,62.0,120.34,10.5,101.3,51226.0,77.0,,,0.12103228829110217,0.114249946789496,0.8543933911701291
Colombia,2024,1,58.0,122.0,10.3,101.7,51270.0,,,,0.11312658474741565,0.10717279875300752,0.721128532199192
Colombia,2024,2,55.0,121.79,10.6,102.4,51314.0,,,,0.10718322485091787,0.10181915480091834,0.6203177815158174
Colombia,2024,3,42.0,120.36,10.7,102.6,51357.0,,,,0.08178047783164905,0.07860827428722726,0.18324981256838746
Colombia,2024,4,29.0,122.94,10.6,103.0,51400.0,,,,0.05642023346303502,0.05488605447877035,-0.2634468314684897
Colombia,2024,5,94.0,122.74,10.3,103.4,51443.0,,,,0.18272651283945338,0.16782237723805726,1.863178618163942
Colombia,2024,6,55.0,120.77,10.6,103.7,51488.0,,,,0.10682100683654444,0.10149194854501245,0.6141563877844886
Colombia,2024,7,45.0,122.81,10.1,104.3,51529.0,,,,0.087329464961478,0.08372465785560217,0.2795928777643236
Colombia,2024,8,76.0,122.8,10.0,104.6,51572.0,,,,0.14736678817963236,0.13746956748139819,1.291625940342627
Colombia,2024,9,80.0,122.0,9.8,104.5,51614.0,,,,0.1549967063199907,0.14409749229868707,1.4164317888980056
Colombia,2024,10,97.0,123.73,9.9,105.3,51658.0,,,,0.18777343296294863,0.1720804897582666,1.943360177396895
Colombia,2024,11,71.0,122.4,9.4,105.7,51702.0,,,,0.13732544195582375,0.128679402445889,1.126104448104685
Colombia,2024,12,96.0,124.43,9.5,105.9,51745.0,,,,0.18552517151415596,0.17018585912300976,1.9076837038926335
Mexico,2013,12,0.0,90.704318,4.78,83.4377,116973.596,44.0,,,0.0,0.0,-1.2969680001472967
Mexico,2014,1,52.0,90.16609,4.92,84.0441,117087.223,44.0,73.575648,15.321966,0.044411335983260955,0.043453411846801376,-0.47872698389136153
Mexico,2014,2,25.0,91.15906,4.78,84.1267,117199.076,44.0,73.575648,15.321966,0.021331226194991504,0.02110690008309872,-0.8995186252881745
Mexico,2014,3,43.0,91.449246,5.22,84.3724,117300.886,44.0,73.575648,15.321966,0.0366578646302808,0.03600194677664679,-0.6190403469270354
Mexico,2014,4,29.0,91.855829,4.92,84.4946,117420.354,44.0,75.943512,14.260402,0.024697592037578084,0.02439753690136164,-0.8375549290012777
Mexico,2014,5,25.0,92.538181,4.94,84.8786,117532.468,44.0,75.943512,14.260402,0.021270718147431398,0.021047654033964688,-0.9006342464878052
Mexico,2014,6,19.0,92.208533,4.81,85.1554,117649.342,44.0,75.943512,14.260402,0.016149686583032483,0.016020667618400885,-0.9952939359933713
Mexico,2014,7,33.0,92.767096,5.25,85.4374,117754.804,44.0,61.096205,13.477771,0.028024334361764127,0.02763883831094274,-0.7765202335274707
Mexico,2014,8,26.0,92.127884,4.85,85.7535,117867.877,44.0,61.096205,13.477771,0.022058597017065133,0.02181882577102414,-0.8861128471540997
Mexico,2014,9,31.0,92.342102,4.81,86.0223,117981.008,44.0,61.096205,13.477771,0.026275415446526784,0.02593614683377809,-0.8085824340643908
Mexico,2014,10,20.0,93.01711,4.66,86.3044,118090.322,44.0,67.523406,14.300129,0.01693618889446334,0.016794370648018912,-0.9807248716477014
Mexico,2014,11,45.0,93.141118,4.65,86.5808,118204.001,44.0,67.523406,14.300129,0.038069777350429955,0.03736300536529398,-0.5934111980195825
Mexico,2014,12,31.0,93.051125,4.21,86.847,118313.623,44.0,67.523406,14.300129,0.02620154739070073,0.02586416740872683,-0.809937828621465
Mexico,2015,1,30.0,93.235082,4.38,86.6165,118427.175,57.0,64.477187,13.665879,0.025332023667709713,0.0250164856672969,-0.8258999347045177
Mexico,2015,2,54.0,93.444308,4.45,86.6428,118540.973,57.0,64.477187,13.665879,0.0455538693781432,0.044546763550234875,-0.4581388373932992
Mexico,2015,3,27.0,93.628004,4.25,86.9804,118644.399,57.0,64.477187,13.665879,0.022757079329130403,0.022501999660301086,-0.8732484741697114
Mexico,2015,4,81.0,94.523994,4.36,87.1639,118765.524,57.0,64.128532,13.513954,0.06820161042694511,0.06597649653047093,-0.0546104204841351
Mexico,2015,5,22.0,93.832832,4.41,87.3193,118879.803,57.0,64.128532,13.513954,0.018506087194643146,0.018336933293906395,-0.9516779459089499
Mexico,2015,6,36.0,94.262595,4.41,87.5907,118994.122,57.0,64.128532,13.513954,0.03025359521540064,0.029804980884086545,-0.735731107309873
Mexico,2015,7,30.0,95.038345,4.5,87.7747,119104.594,57.0,64.218013,13.875971,0.02518794531132863,0.02487595706109178,-0.8285461312784417
Mexico,2015,8,41.0,94.975685,4.38,87.9509,119219.437,57.0,64.218013,13.875971,0.03439036538983153,0.0338122342305008,-0.6602733029348098
Mexico,2015,9,26.0,96.443333,4.19,88.1824,119334.374,57.0,64.218013,13.875971,0.021787519495430546,0.021553563605703555,-0.8911078147412568
Mexico,2015,10,23.0,95.223198,4.44,88.4342,119445.708,57.0,69.110279,14.105078,0.019255610256000158,0.01907256700033586,-0.9378257385457377
Mexico,2015,11,80.0,94.60817,4.07,88.5021,119560.674,57.0,69.110279,14.105078,0.066911633502501,0.06476815117916974,-0.07736393249195214
Mexico,2015,12,39.0,94.887044,4.33,88.7011,119672.114,57.0,69.110279,14.105078,0.032589045765498884,0.032069285006501996,-0.6930935691398041
Mexico,2016,1,36.0,95.130919,4.18,88.8735,119787.389,60.0,63.752952,15.11725,0.030053247090977165,0.02961049711017381,-0.7393932961702712
Mexico,2016,2,26.0,95.57356,4.27,89.1375,119902.984,60.0,63.752952,15.11725,0.021684197617633936,0.02145243974182095,-0.8930120079825781
Mexico,2016,3,56.0,95.087681,4.13,89.2159,120013.484,60.0,63.752952,15.11725,0.04666142347804852,0.04560550182362788,-0.4382024723542461
Mexico,2016,4,80.0,95.167303,3.84,89.4574,120131.7,60.0,66.714116,16.64328,0.06659358021238358,0.06447000023917765,-0.08297820575079067
Mexico,2016,5,26.0,95.491128,3.96,89.587,120246.613,60.0,66.714116,16.64328,0.021622230640292547,0.021391786110526664,-0.8941541343841785
Mexico,2016,6,19.0,95.945521,3.91,89.8108,120362.253,60.0,66.714116,16.64328,0.01578567991744056,0.01566238194112295,-1.0020405647211552
Mexico,2016,7,67.0,95.806889,3.78,90.076,120474.9,60.0,74.023067,19.287735,0.055613243920517884,0.054121871912129735,-0.2778366225886343
Mexico,2016,8,69.0,96.138989,3.73,90.3187,120595.634,60.0,74.023067,19.287735,0.057216001700360064,0.05563903955887578,-0.24926789243964623
Mexico,2016,9,57.0,96.763212,3.83,90.7949,120707.702,60.0,74.023067,19.287735,0.04722151035565237,0.046140476231138226,-0.42812874087337954
Mexico,2016,10,99.0,97.00579,3.58,91.1442,120820.588,60.0,77.109506,18.560155,0.08193967736690703,0.07875542782292148,0.1860207585879221
Mexico,2016,11,36.0,97.233877,3.61,91.4307,120937.495,60.0,77.109506,18.560155,0.029767443091160438,0.02933299334199346,-0.7446187768780065
Mexico,2016,12,94.0,97.717568,3.68,91.6781,121050.475,60.0,77.109506,18.560155,0.07765355732804849,0.0747860454432469,0.11127607608280352
Mexico,2017,1,34.0,98.019681,3.55,93.0608,121167.347,53.0,71.852979,18.780139,0.028060365141113472,0.027673886263356217,-0.77586026987947
Mexico,2017,2,47.0,97.541046,3.49,93.4829,121284.462,53.0,71.852979,18.780139,0.038751872436883134,0.03801986977254669,-0.5810422406169344
Mexico,2017,3,74.0,97.900787,3.56,94.1295,121394.147,53.0,71.852979,18.780139,0.060958457906541405,0.05917270514858172,-0.1827278901626454
Mexico,2017,4,40.0,97.841052,3.5,94.6109,121515.464,53.0,58.771482,16.522056,0.032917621085658696,0.0323874397025915,-0.6871026190442701
Mexico,2017,5,71.0,97.656602,3.51,95.1348,121633.276,53.0,58.771482,16.522056,0.05837218426970593,0.056732052548945304,-0.22868612401767457
Mexico,2017,6,74.0,98.13514,3.26,95.4728,121750.893,53.0,58.771482,16.522056,0.06077984167229065,0.05900433732045876,-0.18589830778770647
Mexico,2017,7,65.0,97.292176,3.19,95.8089,121865.383,53.0,60.391931,16.649983,0.05333754213040138,0.05196373461614737,-0.3184750069923767
Mexico,2017,8,86.0,98.314704,3.28,96.2779,121983.267,53.0,60.391931,16.649983,0.07050147296022166,0.06812720500202193,-0.014111923113285154
Mexico,2017,9,53.0,97.167278,3.3,96.5257,122101.439,53.0,60.391931,16.649983,0.0434065318427574,0.04249087173871459,-0.49685190809765273
Mexico,2017,10,27.0,98.434909,3.44,96.9396,122215.855,53.0,61.451339,11.746235,0.02209205998681595,0.02185156598969566,-0.8854963388372687
Mexico,2017,11,130.0,99.225319,3.53,97.5102,122334.428,53.0,61.451339,11.746235,0.10626607907955396,0.10099045199555234,0.6047130545952377
Mexico,2017,12,40.0,99.833355,3.4,97.9182,122449.3,53.0,61.451339,11.746235,0.03266658118911255,0.03214437055294771,-0.6916796853682265
Mexico,2018,1,109.0,99.140975,3.32,98.2421,122537.86,57.0,59.119959,17.845347,0.0889521001917285,0.08521585785188682,0.30767262912429916
Mexico,2018,2,50.0,99.651487,3.35,98.5233,122686.676,57.0,59.119959,17.845347,0.04075422175428406,0.03994566353851236,-0.5447789558438405
Mexico,2018,3,128.0,100.336373,3.32,98.8202,122821.677,57.0,59.119959,17.845347,0.10421613116388241,0.09913569967604324,0.5697875019558103
Mexico,2018,4,47.0,99.455208,3.4,99.051,122986.343,57.0,62.559092,19.564837,0.038215625291013,0.037503494664729874,-0.590765741604128
Mexico,2018,5,101.0,100.172373,3.22,99.4215,123126.078,57.0,62.559092,19.564837,0.0820297386553643,0.07883866494063907,0.1875881389361344
Mexico,2018,6,102.0,99.922216,3.33,99.8775,123271.172,57.0,62.559092,19.564837,0.08274440677825307,0.0794989353437755,0.20002123228150398
Mexico,2018,7,73.0,100.250623,3.21,100.3302,123415.609,57.0,61.968089,17.823834,0.059149730404036656,0.05746644510836946,-0.21485728783163296
Mexico,2018,8,104.0,100.591952,3.21,100.9339,123556.417,57.0,61.968089,17.823834,0.08417207501250218,0.0808166312059101,0.2248338478052403
Mexico,2018,9,84.0,100.675471,3.29,101.3357,123697.273,57.0,61.968089,17.823834,0.06790772178138478,0.06570133397864515,-0.05979181537287896
Mexico,2018,10,69.0,100.566834,3.21,101.6793,123836.245,57.0,69.439966,19.837388,0.05571874373290308,0.05422180864693961,-0.27595478335031565
Mexico,2018,11,92.0,100.020115,3.39,102.1272,123975.803,57.0,69.439966,19.837388,0.07420802912645785,0.07158367297856373,0.05097442453078004
Mexico,2018,12,49.0,99.657869,3.59,102.6988,124111.305,57.0,69.439966,19.837388,0.03948069033679084,0.03872125222881296,-0.5678349947550277
Mexico,2019,1,106.0,100.124165,3.51,102.5666,124249.538,70.0,66.454202,17.378151,0.08531218844451559,0.0818676768909831,0.24462535905682112
Mexico,2019,2,62.0,100.51818,3.49,102.4776,124382.749,70.0,66.454202,17.378151,0.04984614064125564,0.04864362070984999,-0.3809937658496102
Mexico,2019,3,97.0,99.209785,3.62,102.9359,124503.921,70.0,66.454202,17.378151,0.07790919291610102,0.07502323231170809,0.11574237725557376
Mexico,2019,4,49.0,99.65607,3.5,103.3494,124653.039,70.0,69.604562,18.139985,0.03930910982443035,0.03855617492014339,-0.5709434508938183
Mexico,2019,5,132.0,99.249073,3.54,103.679,124776.955,70.0,69.604562,18.139985,0.1057887652411457,0.10055889502304631,0.5965867050003977
Mexico,2019,6,58.0,99.726593,3.51,103.7682,124904.544,70.0,69.604562,18.139985,0.046435460346422625,0.04538958909235394,-0.44226817502641014
Mexico,2019,7,109.0,99.53492,3.44,104.0302,125033.725,70.0,69.632614,18.218928,0.08717647978575381,0.0835839498696376,0.27694330341474477
Mexico,2019,8,113.0,99.612248,3.43,104.0486,125156.849,70.0,69.632614,18.218928,0.0902867089598908,0.08644069739623553,0.3307367318247208
Mexico,2019,9,46.0,100.057897,3.49,104.3149,125280.278,70.0,69.632614,18.218928,0.036717670757403655,0.03605963640027618,-0.6179540336950076
Mexico,2019,10,155.0,99.036503,3.63,104.7217,125403.31,70.0,64.696961,16.415492,0.12360120318993174,0.11653888708213421,0.8974948359496674
Mexico,2019,11,101.0,99.237639,3.58,105.1932,125523.453,70.0,64.696961,16.415492,0.0804630509965337,0.07738970017143137,0.1603036898011507
Mexico,2019,12,97.0,99.044554,3.14,105.6851,125640.093,70.0,64.696961,16.415492,0.07720465472753192,0.07436940308181551,0.10343057316959577
Mexico,2020,1,92.0,99.919178,3.72,105.9467,125761.382,72.0,65.232641,18.056842,0.07315441237756118,0.07060236045014946,0.03249600991640545
Mexico,2020,2,109.0,99.182144,3.72,106.3543,125877.477,72.0,65.232641,18.056842,0.08659213911635677,0.08304632072328692,0.26681958239072645
Mexico,2020,3,96.0,95.618949,3.35,106.3269,125986.802,72.0,65.232641,18.056842,0.07619845767654297,0.07343488495242187,0.08583331138033681
Mexico,2020,4,146.0,77.651489,4.69,105.5789,126112.09,72.0,62.84481,15.318671,0.11577002648992654,0.10954477327042127,0.765793536790878
Mexico,2020,5,69.0,76.131352,4.25,106.5909,126220.507,72.0,62.84481,15.318671,0.05466623581222028,0.05322435271529929,-0.29473718317782116
Mexico,2020,6,172.0,85.145728,5.44,107.1728,126330.845,72.0,62.84481,15.318671,0.13615043895257725,0.12764574018649694,1.106640272067778
Mexico,2020,7,160.0,89.50761,5.02,107.7216,126444.174,72.0,65.468351,14.548648,0.1265380562334173,0.11914926303895057,0.9466490124558951
Mexico,2020,8,75.0,92.112152,4.95,108.2013,126554.255,72.0,65.468351,14.548648,0.05926311999545175,0.0575734965657868,-0.2128414761936961
Mexico,2020,9,103.0,94.590641,4.86,108.447,126663.984,72.0,65.468351,14.548648,0.08131751169298448,0.07818021587473195,0.17518934192705052
Mexico,2020,10,91.0,95.605073,4.64,108.9751,126769.881,72.0,70.702083,18.303756,0.07178361238660468,0.0693241881563528,0.008427635255432869
Mexico,2020,11,47.0,96.359495,4.52,108.7395,126880.697,72.0,70.702083,18.303756,0.037042671668173446,0.03637307755042422,-0.6120518411091235
Mexico,2020,12,86.0,96.068143,4.02,109.0782,126988.055,72.0,70.702083,18.303756,0.06772290511891059,0.06552825473862331,-0.0630509503229163
Mexico,2021,1,53.0,96.145151,4.63,109.7505,127091.869,76.0,68.523179,17.81415,0.04170211707249344,0.040856026330760145,-0.5276365464303608
Mexico,2021,2,23.0,95.871448,4.59,110.4147,127203.294,76.0,68.523179,17.81415,0.018081292769037884,0.017919770312396357,-0.9595332522572421
Mexico,2021,3,50.0,97.413501,4.34,111.2637,127304.144,76.0,68.523179,17.81415,0.039276019168708286,0.03852433532381104,-0.5715430002169419
Mexico,2021,4,74.0,97.231613,4.67,112.0685,127415.94,76.0,97.306857,18.87462,0.05807750584424523,0.056453587694579664,-0.23392970227180596
Mexico,2021,5,73.0,97.22896,4.05,112.8586,127524.57,76.0,97.306857,18.87462,0.05724387073016596,0.05566539998327624,-0.24877151759740332
Mexico,2021,6,38.0,97.043355,3.97,113.4354,127637.096,76.0,97.306857,18.87462,0.02977190894408942,0.02933733009130042,-0.7445371145640625
Mexico,2021,7,127.0,96.702679,4.03,113.9215,127680.895,76.0,75.614304,19.326891,0.09946672131331787,0.09482526344531439,0.48862067127350106
Mexico,2021,8,56.0,95.947021,4.0,114.1846,127778.968,76.0,75.614304,19.326891,0.04382567872985169,0.042892501121976616,-0.4892891041485134
Mexico,2021,9,49.0,95.780918,3.93,114.8983,127876.717,76.0,75.614304,19.326891,0.03831815607214877,0.0376022465195172,-0.5889062140185102
Mexico,2021,10,94.0,96.429157,3.87,115.7438,127961.4,76.0,80.589477,21.077827,0.07345965267651026,0.07088675279246721,0.0378512045789993
Mexico,2021,11,43.0,97.043577,3.83,116.8154,128057.424,76.0,80.589477,21.077827,0.03357868576209998,0.03302723247337969,-0.6750551257701265
Mexico,2021,12,101.0,97.626519,3.74,117.1674,128150.341,76.0,80.589477,21.077827,0.07881368025388243,0.0758619931947685,0.13153650085099391
Mexico,2022,1,57.0,98.340241,3.63,117.557,128233.635,79.0,79.952442,23.918951,0.04445011638327183,0.04349054250472159,-0.4780278022625863
Mexico,2022,2,206.0,98.740607,3.91,118.492,128292.512,79.0,79.952442,23.918951,0.16057055613658885,0.14891174293385237,1.5070855986866702
Mexico,2022,3,33.0,99.109279,3.45,119.6653,128360.957,79.0,79.952442,23.918951,0.02570875192212847,0.025383838928274303,-0.818982560606327
Mexico,2022,4,117.0,99.836992,3.06,120.5797,128440.139,79.0,83.195874,26.984815,0.09109301882645891,0.08717996336906818,0.34465733587364195
Mexico,2022,5,48.0,99.723288,3.32,121.4636,128532.437,79.0,83.195874,26.984815,0.037344658765008865,0.03666423542102842,-0.6065692494826243
Mexico,2022,6,124.0,99.448043,3.31,122.4856,128630.938,79.0,83.195874,26.984815,0.09639982567801846,0.09203192645160556,0.4360212825641457
Mexico,2022,7,125.0,99.976832,3.09,123.178,128709.726,79.0,83.428614,22.604882,0.09711775782973853,0.09268652086448244,0.4483474952794141
Mexico,2022,8,115.0,100.471107,3.2,124.0708,128799.017,79.0,83.428614,22.604882,0.08928639571837726,0.08552279901549291,0.31345242497842646
Mexico,2022,9,101.0,100.603505,3.1,124.8725,128888.784,79.0,83.428614,22.604882,0.07836213273608043,0.0754433462567879,0.12365325114914365
Mexico,2022,10,67.0,101.078954,3.22,125.458,128817.894,79.0,88.997828,24.453584,0.052011407669807115,0.05070395804931688,-0.3421969844963059
Mexico,2022,11,118.0,101.61558,2.99,125.9574,128895.076,79.0,88.997828,24.453584,0.09154732955043217,0.0875962580012755,0.3524962909393599
Mexico,2022,12,157.0,102.503955,2.99,126.3469,128969.879,81.0,88.997828,24.453584,0.12173385073890004,0.11487556928171377,0.8661740537710227
Mexico,2023,1,110.0,102.70563,2.91,126.8748,129015.5,81.0,86.043538,22.929417,0.08526107328189249,0.08182057858425115,0.24373848355668445
Mexico,2023,2,93.0,102.250191,2.88,127.5398,129095.92,81.0,86.043538,22.929417,0.07203945717262017,0.06956286903525824,0.012922069101156829
Mexico,2023,3,163.0,101.850669,2.87,127.8848,129168.128,81.0,86.043538,22.929417,0.1261921207064331,0.11884213746017994,0.9408657440078969
Mexico,2023,4,128.0,103.046625,2.85,128.1004,129177.146,81.0,88.261619,21.080415,0.09908873509250622,0.09448141382948196,0.4821458779916784
Mexico,2023,5,110.0,103.035945,2.98,128.5491,129248.049,81.0,88.261619,21.080415,0.08510766766003562,0.08167921493555987,0.24107656287771434
Mexico,2023,6,222.0,103.448503,2.61,128.6935,129282.515,81.0,88.261619,21.080415,0.17171695646545862,0.1584701572655544,1.687073459804252
Mexico,2023,7,83.0,103.59835,2.82,129.0672,129359.473,81.0,88.558548,20.739096,0.06416228983864213,0.06218790733206977,-0.12595071216952122
Mexico,2023,8,154.0,103.963772,2.63,129.7826,129439.473,81.0,88.558548,20.739096,0.11897452641822792,0.11241266447570018,0.819796804073827
Mexico,2023,9,105.0,104.774181,2.65,130.4276,129519.287,81.0,88.558548,20.739096,0.08106900712015191,0.07795037299348513,0.1708613302764663
Mexico,2023,10,92.0,105.077231,2.67,130.7854,129591.095,81.0,91.434614,20.171536,0.07099253231867514,0.06858581881634962,-0.005476084923467185
Mexico,2023,11,79.0,104.274911,2.82,131.4157,126067.674,81.0,91.434614,20.171536,0.06266475575649948,0.06077967403662928,-0.15246817521359948
Mexico,2023,12,165.0,104.751973,2.85,132.2456,129776.274,81.0,91.434614,20.171536,0.12714188419371633,0.11968512260260587,0.9567394116973081
Mexico,2024,1,154.0,103.960228,2.75,133.0712,129814.256,,83.190748,19.356471,0.11863103848933201,0.11210565064182286,0.8140156398162982
Mexico,2024,2,105.0,104.621593,2.6,133.1536,129910.21,,83.190748,19.356471,0.08082505601368822,0.07772469023533428,0.16661165501432948
Mexico,2024,3,84.0,105.150908,2.76,133.4172,129999.691,,83.190748,19.356471,0.0646155382015485,0.06261373699243669,-0.11793220961144879
Mexico,2024,4,122.0,104.083306,2.65,134.1896,129895.289,,80.589477,21.905732,0.09392180497015562,0.08976922518395601,0.3934139266388493
Mexico,2024,5,195.0,104.753271,2.66,134.5664,129985.091,,80.589477,21.905732,0.15001720466541812,0.13977690284187472,1.3350737698676298
Mexico,2024,6,308.0,104.686665,2.75,135.1306,130078.421,,80.589477,21.905732,0.2367802419741857,0.21251142360552056,2.704687009821189
Mexico,2024,7,146.0,105.767055,2.64,136.2539,130280.23,,82.063964,22.461725,0.11206612085348637,0.10621965525982195,0.703180549121327
Mexico,2024,8,173.0,105.205554,2.73,136.2451,130454.043,,82.063964,22.461725,0.13261375118899152,0.12452801588202267,1.0479325712250274
Mexico,2024,9,214.0,105.383797,2.7,136.406,130549.215,,82.063964,22.461725,0.16392285468740658,0.1517960710711452,1.5613983784194727
Mexico,2024,10,338.0,104.620583,2.43,137.0131,130642.421,,86.526246,23.530049,0.2587214760816473,0.2300965042827774,3.0358194496634336
Mexico,2024,11,256.0,105.025856,2.73,137.3924,130789.279,,86.526246,23.530049,0.19573469779583386,0.17876080633630445,2.069152578808234
Mexico,2024,12,284.0,104.103839,2.67,137.7921,130931.501,,86.526246,23.530049,0.21690731247326034,0.19631265044212748,2.399659163859542
Chile,2013,12,0.0,89.8918,6.027,65.1457,17611.902,,,,0.0,0.0,-1.2969680001472967
Chile,2014,1,4.0,89.9421,6.103,65.2621,17787.617,56.14567707,7.859908,2.112723526,0.02248755412262362,0.022238436853526302,-0.8782114423164471
Chile,2014,2,5.0,90.8511,6.482,65.5604,17787.617,55.62279084,6.990286,1.801852839,0.028109442653279526,0.02772162309130619,-0.774961370829786
Chile,2014,3,3.0,90.8388,6.365,66.0082,17787.617,57.18757605,8.490175,2.129623257,0.016865665591967716,0.01672501944512934,-0.9820307759787812
Chile,2014,4,8.0,91.3807,6.452,66.399,17787.617,56.5663911,8.335384,2.13604141,0.04497510824524724,0.04399306527206947,-0.4685651450770898
Chile,2014,5,4.0,91.4842,6.199,66.6518,17787.617,58.482044,8.665015,2.16756402,0.02248755412262362,0.022238436853526302,-0.8782114423164471
Chile,2014,6,4.0,90.7211,6.062,66.7509,17787.617,58.61243246,8.314215,2.085577706,0.02248755412262362,0.022238436853526302,-0.8782114423164471
Chile,2014,7,2.0,90.5995,6.338,66.9304,17787.617,56.85966816,8.654207,2.116541673,0.01124377706131181,0.011181035662173489,-1.086425683809388
Chile,2014,8,5.0,91.0324,6.369,67.1497,17787.617,56.59153219,8.880094,2.213548905,0.028109442653279526,0.02772162309130619,-0.774961370829786
Chile,2014,9,4.0,90.9881,6.686,67.5293,17787.617,59.63974264,9.105051,2.213520262,0.02248755412262362,0.022238436853526302,-0.8782114423164471
Chile,2014,10,6.0,92.1247,6.617,68.1693,17787.617,59.96590774,9.611557,2.379286587,0.03373133118393543,0.033174907878482575,-0.6722743527902417
Chile,2014,11,6.0,91.5545,6.508,68.328,17787.617,59.69059262,9.495112,2.355086761,0.03373133118393543,0.033174907878482575,-0.6722743527902417
Chile,2014,12,5.0,92.0983,6.417,68.206,17787.617,61.2794114,11.062354,2.78333185,0.028109442653279526,0.02772162309130619,-0.774961370829786
Chile,2015,1,11.0,92.6981,6.596,68.2221,17971.423,59.38425688,9.454512,2.565341395,0.06120828606616182,0.05940815145503623,-0.17829436430404877
Chile,2015,2,19.0,92.5576,6.521,68.4599,17971.423,59.56302959,8.602718,2.375199838,0.1057234032051886,0.10049978430513229,0.5954736321289714
Chile,2015,3,16.0,92.0434,6.41,68.7807,17971.423,60.48421986,10.248571,2.665004399,0.08903023427805355,0.08528760690615772,0.3090236857292214
Chile,2015,4,4.0,93.4154,6.182,69.1317,17971.423,60.9938178,9.55564,2.453674275,0.022257558569513388,0.022013474287138176,-0.8824475561477367
Chile,2015,5,6.0,93.0991,6.403,69.2895,17971.423,61.29685446,9.643932,2.448664581,0.03338633785427008,0.03284111620514353,-0.6785597519431005
Chile,2015,6,7.0,93.2826,6.461,69.6906,17971.423,59.64138176,9.992511,2.457641318,0.03895072749664843,0.038211287986470964,-0.577437777187377
Chile,2015,7,2.0,92.9746,6.446,69.99,17971.423,61.33686242,10.291633,2.572831533,0.011128779284756694,0.011067310051807396,-1.0885671717857142
Chile,2015,8,18.0,92.1837,6.414,70.4782,17971.423,61.6134571,10.488877,2.544212626,0.10015901356281025,0.0954547271412282,0.5004736649131396
Chile,2015,9,4.0,93.5649,6.383,70.6804,17971.423,62.6171617,10.452474,2.497206869,0.022257558569513388,0.022013474287138176,-0.8824475561477367
Chile,2015,10,7.0,93.8932,6.403,70.8978,17971.423,62.05180302,10.180589,2.434860525,0.03895072749664843,0.038211287986470964,-0.577437777187377
Chile,2015,11,11.0,93.4171,6.421,71.0198,17971.423,61.82268928,11.188781,2.687375804,0.06120828606616182,0.05940815145503623,-0.17829436430404877
Chile,2015,12,4.0,93.856,6.412,71.2254,17971.423,64.29134187,12.466731,3.038090464,0.022257558569513388,0.022013474287138176,-0.8824475561477367
Chile,2016,1,5.0,94.4804,6.283,71.4881,18167.147,64.31089593,10.916916,2.797819646,0.02752220808253492,0.027150280860310048,-0.7857199195340491
Chile,2016,2,16.0,94.553,6.226,71.6955,18167.147,64.08849447,10.425521,2.692871518,0.08807106586411174,0.08440646419043898,0.29243149928093715
Chile,2016,3,24.0,94.4696,6.243,71.8465,18167.147,64.94281683,12.045562,2.942509076,0.1321065987961676,0.12408014389526306,1.039499004928996
Chile,2016,4,27.0,94.097,6.442,72.0163,18167.147,65.00897472,11.759076,2.808541458,0.14861992364568857,0.13856115532381447,1.3121808727990312
Chile,2016,5,3.0,93.9886,6.644,72.2078,18167.147,66.61756521,12.618803,2.994791812,0.01651332484952095,0.016378462558656617,-0.9885565479935927
Chile,2016,6,1.0,94.4868,6.734,72.6109,18167.147,68.1365489,11.908175,2.779175038,0.005504441616506984,0.005489347542053624,-1.1936019094194263
Chile,2016,7,12.0,94.6062,6.759,72.7787,18167.147,70.27072,12.266938,2.839256707,0.0660532993980838,0.06396332392907335,-0.09251907541493117
Chile,2016,8,8.0,94.6143,6.911,72.8379,18167.147,72.47250215,13.385992,3.053112875,0.04403553293205587,0.04309352425678916,-0.48550377712517456
Chile,2016,9,2.0,95.1417,6.833,72.9046,18167.147,73.33008865,13.250023,2.965440838,0.011008883233013968,0.010948726580359659,-1.0908001347698555
Chile,2016,10,32.0,94.6136,6.883,72.9437,18167.147,73.50890043,12.960674,2.934935812,0.1761421317282235,0.16223970248653113,1.7580551475784825
Chile,2016,11,10.0,94.842,6.686,73.1176,18167.147,74.94821834,14.012763,3.136999962,0.05504441616506984,0.0535828666722211,-0.28798625587462406
Chile,2016,12,5.0,95.0311,6.67,73.1689,18167.147,76.76083647,15.659628,3.649144782,0.02752220808253492,0.027150280860310048,-0.7857199195340491
Chile,2017,1,4.0,94.4906,6.672,73.4578,18419.192,76.24333358,13.461165,3.204778366,0.021716479202779363,0.021484035684324373,-0.892417046735468
Chile,2017,2,19.0,94.0149,6.71,73.6512,18419.192,76.582697,11.98918,2.914532573,0.10315327621320197,0.09817269363884099,0.5516538041619746
Chile,2017,3,17.0,93.6714,7.008,73.7977,18419.192,78.07788203,14.910784,3.508908533,0.09229503661181229,0.08828102087810422,0.36539058504464333
Chile,2017,4,12.0,94.8136,6.986,73.927,18419.192,78.27469848,13.461228,3.075312114,0.06514943760833808,0.06311510632101294,-0.10849127203029577
Chile,2017,5,10.0,95.349,7.109,74.0335,18419.192,79.17534602,15.558853,3.539300067,0.054291198006948406,0.05286869090514504,-0.30143440368630603
Chile,2017,6,3.0,95.8126,7.047,73.849,18419.192,79.24106551,14.776498,3.213404441,0.01628735940208452,0.016156143223448143,-0.9927428889744958
Chile,2017,7,8.0,96.6049,7.033,74.0061,18419.192,80.89433022,14.765234,3.232499959,0.043432958405558726,0.0425161986150041,-0.4963749952819967
Chile,2017,8,28.0,97.054,6.811,74.212,18419.192,82.95911134,15.764828,3.423415335,0.15201535441945555,0.1415128906739867,1.3677629509373048
Chile,2017,9,4.0,97.6893,6.63,73.9999,18419.192,83.71837375,15.546494,3.292315722,0.021716479202779363,0.021484035684324373,-0.892417046735468
Chile,2017,10,7.0,97.5862,6.854,74.3151,18419.192,85.48847854,16.507109,3.498114659,0.038003838604863886,0.037299482814762475,-0.5946073470466213
Chile,2017,11,9.0,98.2866,7.017,74.5326,18419.192,87.7685677,16.720643,3.53676606,0.048862078206253566,0.047705841462327765,-0.398652435489214
Chile,2017,12,58.0,98.223,7.002,74.8231,18419.192,90.61997942,17.801392,3.810490491,0.31488894844030074,0.2737522122083535,3.8578697628662875
Chile,2018,1,23.0,98.6349,7.028,75.0294,18751.405,88.723293,16.605657,3.764836521,0.12265747553316672,0.1156986208018249,0.8816723652642845
Chile,2018,2,6.0,98.7446,7.195,75.1386,18751.405,90.80808078,14.585536,3.326452711,0.031997602313000015,0.03149634371655573,-0.7038822286124694
Chile,2018,3,17.0,99.2893,7.25,75.1547,18751.405,92.52428285,18.235887,3.998547684,0.0906598732201667,0.08678290134287629,0.33718053665305775
Chile,2018,4,6.0,99.9313,7.321,75.3345,18751.405,93.68742769,18.361459,3.884565438,0.031997602313000015,0.03149634371655573,-0.7038822286124694
Chile,2018,5,5.0,100.4477,7.004,75.5251,18751.405,94.61202507,18.740254,3.905481744,0.026664668594166677,0.02631536214096667,-0.8014416940132357
Chile,2018,6,15.0,100.2445,7.123,75.7388,18751.405,94.99615629,18.766481,3.851870111,0.07999400578250003,0.07695549091933696,0.15212739697162414
Chile,2018,7,8.0,100.0138,7.231,75.9556,18751.405,95.30182405,19.1646,3.900852797,0.042663469750666684,0.041778467914346584,-0.51026668968697
Chile,2018,8,13.0,99.3722,7.393,76.0933,18751.405,96.35134541,20.142782,4.027123194,0.06932813834483335,0.06703054316802964,-0.034762400380722154
Chile,2018,9,11.0,99.7466,7.387,76.1452,18751.405,97.61094169,18.736658,3.684470721,0.05866227090716669,0.0570061025423848,-0.22352567894313272
Chile,2018,10,6.0,101.1126,7.335,76.2852,18751.405,98.15135453,21.556449,4.251123546,0.031997602313000015,0.03149634371655573,-0.7038822286124694
Chile,2018,11,16.0,101.9481,7.457,76.3957,18751.405,99.18218395,20.555291,3.905316012,0.08532693950133337,0.0818812683319814,0.2448812900418043
Chile,2018,12,10.0,100.5144,7.647,76.4085,18751.405,98.60227007,21.724256,3.965542133,0.05332933718833335,0.051955945114970335,-0.31862168567854504
Chile,2019,1,18.0,100.8444,7.715,76.3216,19107.216,97.33092984,21.63219,4.090044405,0.09420524685542886,0.09002829778819274,0.3982923429004331
Chile,2019,2,9.0,99.7845,7.505,76.4135,19107.216,97.72674889,19.972882,3.676321888,0.04710262342771443,0.04602694373046389,-0.43026659253523203
Chile,2019,3,22.0,100.7711,7.255,76.6408,19107.216,98.97510448,23.586647,4.214896045,0.11513974615663528,0.10897972993447944,0.7551535982042439
Chile,2019,4,7.0,101.8969,7.167,76.8374,19107.216,98.99785505,23.841855,4.116360803,0.03663537377711122,0.03598025100032931,-0.6194488850212375
Chile,2019,5,18.0,102.134,7.092,77.2986,19107.216,99.15648099,24.684877,4.264820719,0.09420524685542886,0.09002829778819274,0.3982923429004331
Chile,2019,6,9.0,101.2512,7.005,77.5229,19107.216,99.12961156,23.176222,3.881813352,0.04710262342771443,0.04602694373046389,-0.43026659253523203
Chile,2019,7,23.0,101.5575,7.002,77.6578,19107.216,98.86154529,25.174383,4.237573287,0.12037337098193687,0.11366199670074628,0.843322111432132
Chile,2019,8,17.0,102.7189,7.113,77.8781,19107.216,98.67000509,25.552909,4.265542528,0.08897162203012726,0.08523378486944032,0.30801020033995263
Chile,2019,9,6.0,101.5843,7.243,77.7672,19107.216,98.16008256,23.859508,3.779987619,0.03140174895180962,0.03091879833990558,-0.7147575844439108
Chile,2019,10,63.0,97.1716,7.21,78.1968,19107.216,97.8669106,22.526696,3.52826639,0.329718363994001,0.28496716341462325,4.069050719257733
Chile,2019,11,34.0,97.1075,7.192,78.4597,19107.216,99.08023754,21.826178,3.366973608,0.17794324406025452,0.16376990415381137,1.7868693123148718
Chile,2019,12,38.0,99.6906,7.28,78.6783,19107.216,100.7326499,25.445266,3.888733205,0.19887774336146094,0.18138590534317323,2.1185839948435405
Chile,2020,1,13.0,101.8714,7.606,78.9331,19458.31,98.7600619,24.24579,4.173853173,0.06680950195571969,0.06467242025617136,-0.07916657500935635
Chile,2020,2,17.0,101.564,7.819,79.381,19458.31,98.32996288,24.463799,4.078498499,0.08736627178824882,0.08375850794888409,0.28023028535903705
Chile,2020,3,17.0,96.0497,8.023,79.4947,19458.31,98.72256635,26.845373,4.636556265,0.08736627178824882,0.08375850794888409,0.28023028535903705
Chile,2020,4,28.0,88.3421,8.131,79.4557,19458.31,98.33157659,25.857077,4.277014978,0.14389738882770395,0.1344411938540835,1.2346007400395342
Chile,2020,5,11.0,86.6789,8.961,79.4247,19458.31,98.82847483,24.111588,4.120632526,0.056531117039455125,0.054991010588143624,-0.26147047587416655
Chile,2020,6,42.0,86.54,10.91,79.6077,19458.31,99.5547969,26.810292,4.373738157,0.2158460832415559,0.19544019925090644,2.383230641472043
Chile,2020,7,33.0,88.6197,11.88,79.6311,19458.31,100.4408399,28.848639,4.67778133,0.16959335111836538,0.15665612524889916,1.6529146829040198
Chile,2020,8,9.0,91.2841,12.454,79.8,19458.31,101.8780305,33.844882,5.829848842,0.04625273212319055,0.04521495416646867,-0.44555660401638053
Chile,2020,9,43.0,94.7281,12.403,80.1642,19458.31,102.8269002,34.903521,5.438055837,0.2209852756996882,0.1996581358418401,2.4626556756865363
Chile,2020,10,22.0,96.2366,12.147,80.485,19458.31,103.6929363,32.366887,5.258378376,0.11306223407891025,0.1071149863446627,0.7200399068934727
Chile,2020,11,13.0,97.433,11.641,80.5881,19458.31,104.5438941,32.329996,5.201764376,0.06680950195571969,0.06467242025617136,-0.07916657500935635
Chile,2020,12,15.0,99.9438,11.202,81.0088,19458.31,106.4338321,36.256414,5.980374109,0.07708788687198426,0.0742609982543305,0.10138927715994954
Chile,2021,1,24.0,100.4076,10.99,81.3818,19678.363,104.6001235,33.427067,6.414712406,0.12196136436755435,0.11507837189759691,0.8699928889663953
Chile,2021,2,6.0,102.8279,10.704,81.6376,19678.363,105.4646212,31.609814,5.848013467,0.030490341091888588,0.030034748273773792,-0.7314045171884116
Chile,2021,3,10.0,101.314,10.54,81.781,19678.363,108.4507944,37.823677,6.881032164,0.05081723515314765,0.049568180629594484,-0.3635840201893985
Chile,2021,4,8.0,99.7043,10.207,82.0831,19678.363,108.5581661,36.812682,6.471238015,0.04065378812251812,0.0398491580659023,-0.546596183366989
Chile,2021,5,20.0,103.0503,10.165,82.3316,19678.363,110.3030979,41.189758,7.819091229,0.1016344703062953,0.09679495907046991,0.5257106414632816
Chile,2021,6,8.0,104.7523,9.809,82.6721,19678.363,111.1950166,36.059826,6.539743188,0.04065378812251812,0.0398491580659023,-0.546596183366989
Chile,2021,7,19.0,106.0575,9.296,83.2631,19678.363,112.5246241,37.505131,6.771325566,0.09655274679098053,0.09217139240734919,0.43864746910533375
Chile,2021,8,11.0,106.687,8.548,83.6145,19678.363,113.5662555,41.620566,7.514259369,0.05589895866846241,0.05439249762704432,-0.2727406577245313
Chile,2021,9,7.0,107.6056,8.226,84.4277,19678.363,113.8178059,40.379105,7.175046652,0.03557206460720335,0.034953993451461045,-0.6387736280974963
Chile,2021,10,32.0,108.5857,8.254,85.3294,19678.363,114.5894148,41.930591,7.315353024,0.16261515249007247,0.1506719094791008,1.5402300723091666
Chile,2021,11,6.0,109.7095,8.105,85.9623,19678.363,115.0242477,43.846915,7.440540256,0.030490341091888588,0.030034748273773792,-0.7314045171884116
Chile,2021,12,41.0,108.9775,7.813,86.8312,19678.363,115.3635595,47.83194,7.941492015,0.20835066412790534,0.18925634226221486,2.2667867257526644
Chile,2022,1,8.0,106.9084,7.65,87.6585,19828.563,113.7224921,42.736102,7.440184347,0.04034583847553653,0.03955319487081719,-0.5521692607210661
Chile,2022,2,23.0,107.3906,7.603,88.0147,19828.563,112.2178849,38.702461,6.622045145,0.11599428561716751,0.10974574353128527,0.7695778681816176
Chile,2022,3,8.0,108.3601,7.644,89.4773,19828.563,112.4085442,45.599709,7.759672159,0.04034583847553653,0.03955319487081719,-0.5521692607210661
Chile,2022,4,32.0,106.6717,7.67,90.6979,19828.563,113.3059869,45.050074,7.326632339,0.16138335390214611,0.14961184106693046,1.520268660350696
Chile,2022,5,22.0,107.7525,7.667,91.8295,19828.563,114.4471639,49.30848,7.822759368,0.11095105580772545,0.1052164555086141,0.6842899914171351
Chile,2022,6,32.0,107.7937,7.652,93.0309,19828.563,114.1386191,54.180268,8.048680399,0.16138335390214611,0.14961184106693046,1.520268660350696
Chile,2022,7,24.0,104.9769,7.703,94.1857,19828.563,114.4891236,55.085495,8.569225142,0.12103751542660958,0.11425460956627385,0.8544811926809227
Chile,2022,8,33.0,108.0743,7.652,95.3893,19828.563,114.6121128,58.40216,8.841977154,0.16642658371158817,0.15394487326047232,1.601860979913846
Chile,2022,9,24.0,108.4022,7.662,96.002,19828.563,114.062658,59.40211,8.672311071,0.12103751542660958,0.11425460956627385,0.8544811926809227
Chile,2022,10,7.0,107.3854,7.888,96.271,19828.563,113.8525016,60.348295,8.759659248,0.035302608666094464,0.03469375950673498,-0.6436739127551813
Chile,2022,11,24.0,106.6163,7.962,97.3938,19828.563,112.9420574,64.633383,9.14447412,0.12103751542660958,0.11425460956627385,0.8544811926809227
Chile,2022,12,30.0,106.7251,8.203,97.9613,19828.563,113.9825009,69.754511,9.930685578,0.15129689428326198,0.14088904112002407,1.3560156733052315
Chile,2023,1,36.0,107.4931,8.305,98.4942,19960.889,113.0503606,61.530984,9.059386856,0.18035268870038804,0.16581328254837802,1.8253467515562443
Chile,2023,2,24.0,107.0201,8.372,98.8534,19960.889,112.2064704,56.355838,8.256815996,0.12023512580025869,0.11353859702422806,0.8409984578355879
Chile,2023,3,17.0,106.8212,8.501,99.3885,19960.889,113.3058052,66.874051,9.594234738,0.08516654744184991,0.08173347515891702,0.24209829945523695
Chile,2023,4,26.0,107.056,8.653,99.5878,19960.889,112.4150132,62.399951,8.633873002,0.13025471961694693,0.12244302291219095,1.008671516821835
Chile,2023,5,30.0,107.3463,8.576,99.9643,19960.889,112.0666119,70.312738,9.555563856,0.15029390725032338,0.14001748124434085,1.3396039346615276
Chile,2023,6,30.0,108.1649,8.395,99.9299,19960.889,112.5491956,67.051612,8.952911152,0.15029390725032338,0.14001748124434085,1.3396039346615276
Chile,2023,7,14.0,108.3299,8.466,99.8879,19960.889,113.7813852,68.94123,9.173757137,0.07013715671681757,0.06778682410646054,-0.0205213993330163
Chile,2023,8,33.0,108.414,8.547,100.0655,19960.889,113.7460912,70.798802,9.219020075,0.1653232979753557,0.15299855751088748,1.5840415653332554
Chile,2023,9,14.0,109.3704,8.727,100.4927,19960.889,113.961783,70.793349,8.962548592,0.07013715671681757,0.06778682410646054,-0.0205213993330163
Chile,2023,10,16.0,108.8263,8.741,100.5696,19960.889,114.4327289,74.606809,9.608460224,0.0801567505335058,0.07710616998730276,0.15496472984057144
Chile,2023,11,12.0,108.4422,8.849,101.4671,19960.889,114.0005488,74.868207,9.585419887,0.060117562900129345,0.058379810370442764,-0.19765834099434926
Chile,2023,12,72.0,107.9127,8.955,101.2861,19960.889,113.5051851,80.865598,10.41313878,0.3607053774007761,0.3080032251439404,4.502826797103699
Chile,2024,1,58.0,109.8311,8.891,101.7137,20086.377,113.5175746,83.091919,11.08246183,0.28875291945381687,0.2536750216840549,3.4798101334847256
Chile,2024,2,21.0,110.5237,8.755,102.3958,20086.377,113.483442,78.224724,10.51301816,0.1045484708367268,0.099436627783141,0.5754540701194277
Chile,2024,3,29.0,109.558,8.627,102.5782,20086.377,114.3504824,86.882337,11.31890709,0.14437645972690843,0.13485991201275707,1.2424853308487847
Chile,2024,4,30.0,109.7417,8.523,103.0464,20086.377,113.9598395,87.613702,11.21095792,0.14935495833818116,0.13920087921577062,1.3242270690637312
Chile,2024,5,40.0,108.7711,8.455,103.3705,20086.377,113.3875512,90.532547,11.32717238,0.19913994445090819,0.1816045868748605,2.1227018348731117
Chile,2024,6,33.0,109.618,8.218,103.6954,20086.377,113.4977353,86.686331,10.73661037,0.16429045417199925,0.152111849257146,1.5673445781042223
Chile,2024,7,39.0,111.2178,8.329,104.293,20086.377,114.1104342,93.182214,11.49419114,0.1941614458396355,0.17744422010083621,2.044360857893518
Chile,2024,8,45.0,111.2146,8.506,104.6091,20086.377,115.1946914,94.517071,11.54771595,0.22403243750727173,0.20215068497041408,2.5095911370312662
Chile,2024,9,54.0,110.7586,8.647,104.4963,20086.377,114.1512977,93.990038,11.26845332,0.2688389250087261,0.2381022500286924,3.186570087107483
Chile,2024,10,56.0,111.4937,8.567,105.3242,20086.377,115.2543239,96.900956,11.86473515,0.2787959222312715,0.24591894945219647,3.3337609245635744
Chile,2024,11,55.0,111.5895,8.522,105.6866,20086.377,115.2536866,93.281595,11.44105109,0.2738174236199988,0.24201823731973487,3.260309323786174
Chile,2024,12,50.0,112.3696,8.394,105.8994,20086.377,115.6042227,100.773025,12.63311359,0.24892493056363524,0.2222831257051475,2.888691144749377
